Hour,PJMW_MW
0,5230.368359309536
1,4940.48927613941
2,4779.152348993289
3,4697.121996303143
4,4672.537365951743
5,4734.933478552279
6,4958.209450402145
7,5323.434316353887
8,5571.168398123325
9,5708.6670576407505
10,5818.219168900804
11,5904.120475871314
12,5947.523793565683
13,5959.946715817694
14,5970.935824396783
15,5953.164711796247
16,5957.636394101876
17,6031.231233243968
18,6158.806802949061
19,6199.285355227882
20,6183.56836461126
21,6152.210120643432
22,5982.300435656836
23,5618.226206434317
