Datetime,Forecast_MW
2018-08-03 01:00:00,5768.478462925875
2018-08-03 02:00:00,5400.708568426864
2018-08-03 03:00:00,5132.592947189255
2018-08-03 04:00:00,4958.237252983722
2018-08-03 05:00:00,4857.843146124942
2018-08-03 06:00:00,4837.447353089493
2018-08-03 07:00:00,4958.340836324554
2018-08-03 08:00:00,5137.421886821973
2018-08-03 09:00:00,5376.768070562153
2018-08-03 10:00:00,5667.211178996112
2018-08-03 11:00:00,5953.660509622365
2018-08-03 12:00:00,6271.209345818366
2018-08-03 13:00:00,6548.52987925735
2018-08-03 14:00:00,6778.185325876335
2018-08-03 15:00:00,6975.885478362524
2018-08-03 16:00:00,7097.168751562844
2018-08-03 17:00:00,7178.433627086577
2018-08-03 18:00:00,7248.917549990778
2018-08-03 19:00:00,7270.645414520622
2018-08-03 20:00:00,7159.715580622953
2018-08-03 21:00:00,6960.7961247099765
2018-08-03 22:00:00,6751.486610978305
2018-08-03 23:00:00,6568.625479905687
2018-08-04 00:00:00,6114.328451115241
2018-08-04 01:00:00,5620.8726704831515
2018-08-04 02:00:00,5256.886947297334
2018-08-04 03:00:00,4992.226888133753
2018-08-04 04:00:00,4821.015342983144
2018-08-04 05:00:00,4723.508768769314
2018-08-04 06:00:00,4705.728748511853
2018-08-04 07:00:00,4828.80154813762
2018-08-04 08:00:00,5009.851489867758
2018-08-04 09:00:00,5250.951636388603
2018-08-04 10:00:00,5542.959685293968
2018-08-04 11:00:00,5830.935091573563
2018-08-04 12:00:00,6149.877219427716
2018-08-04 13:00:00,6428.652313707004
2018-08-04 14:00:00,6659.844721266829
2018-08-04 15:00:00,6859.122705683154
2018-08-04 16:00:00,6982.14596641507
2018-08-04 17:00:00,7065.215427504644
2018-08-04 18:00:00,7137.49033555919
2018-08-04 19:00:00,7161.099256063143
2018-08-04 20:00:00,7052.368486531644
2018-08-04 21:00:00,6855.846089577761
2018-08-04 22:00:00,6648.922478798347
2018-08-04 23:00:00,6468.337233059532
2018-08-05 00:00:00,6017.013012458162
2018-08-05 01:00:00,5526.599174431318
2018-08-05 02:00:00,5165.268966823698
2018-08-05 03:00:00,4902.960334202159
2018-08-05 04:00:00,4733.812776944948
2018-08-05 05:00:00,4638.136911548673
2018-08-05 06:00:00,4621.938740136657
2018-08-05 07:00:00,4746.179809502035
2018-08-05 08:00:00,4928.20940299753
2018-08-05 09:00:00,5170.095643471242
2018-08-05 10:00:00,5462.721625303444
2018-08-05 11:00:00,5751.29612465319
2018-08-05 12:00:00,6070.724419821785
2018-08-05 13:00:00,6350.065871703329
2018-08-05 14:00:00,6581.925497601322
2018-08-05 15:00:00,6781.929749600475
2018-08-05 16:00:00,6905.85889712991
2018-08-05 17:00:00,6989.916192413207
2018-08-05 18:00:00,7063.182524959652
2018-08-05 19:00:00,7087.889488496068
2018-08-05 20:00:00,6980.590346480133
2018-08-05 21:00:00,6785.713125214982
2018-08-05 22:00:00,6580.439313744908
2018-08-05 23:00:00,6401.4095640927035
2018-08-06 00:00:00,5952.350967365635
2018-08-06 01:00:00,5464.286472614214
2018-08-06 02:00:00,5104.934686952444
2018-08-06 03:00:00,4844.315364593138
2018-08-06 04:00:00,4676.584312174927
2018-08-06 05:00:00,4582.105866452517
2018-08-06 06:00:00,4566.870204253937
2018-08-06 07:00:00,4691.674318489138
2018-08-06 08:00:00,4874.091570275237
2018-08-06 09:00:00,5116.184887209741
2018-08-06 10:00:00,5408.862428629731
2018-08-06 11:00:00,5697.481630231434
2018-08-06 12:00:00,6016.853686929671
2018-08-06 13:00:00,6296.230306281348
2018-08-06 14:00:00,6528.236878540075
2018-08-06 15:00:00,6728.45792099255
2018-08-06 16:00:00,6852.793715293924
2018-08-06 17:00:00,6937.349879597153
2018-08-06 18:00:00,7011.128936579437
2018-08-06 19:00:00,7036.4650123007505
2018-08-06 20:00:00,6930.137509441478
2018-08-06 21:00:00,6736.454534815318
2018-08-06 22:00:00,6532.389014677228
2018-08-06 23:00:00,6354.482742598752
2018-08-07 00:00:00,5907.26486865301
2018-08-07 01:00:00,5421.133437689467
2018-08-07 02:00:00,5063.353459478291
2018-08-07 03:00:00,4804.026093484437
2018-08-07 04:00:00,4637.323229343644
2018-08-07 05:00:00,4543.662603341405
2018-08-07 06:00:00,4529.01843819084
2018-08-07 07:00:00,4654.023450211984
2018-08-07 08:00:00,4836.474307422852
2018-08-07 09:00:00,5078.428595235749
2018-08-07 10:00:00,5370.819312522046
2018-08-07 11:00:00,5659.1519979533205
2018-08-07 12:00:00,5978.143866661304
2018-08-07 13:00:00,6257.238304528632
2018-08-07 14:00:00,6489.080874936743
2018-08-07 15:00:00,6689.21413222509
2018-08-07 16:00:00,6813.657906860519
2018-08-07 17:00:00,6898.420311430188
2018-08-07 18:00:00,6972.4255810108625
2018-08-07 19:00:00,6998.109966488612
2018-08-07 20:00:00,6892.478270504631
2018-08-07 21:00:00,6699.718880307594
2018-08-07 22:00:00,6496.596601804832
2018-08-07 23:00:00,6319.554518255783
2018-08-08 00:00:00,5873.921551317294
2018-08-08 01:00:00,5389.472418342774
2018-08-08 02:00:00,5033.019647293617
2018-08-08 03:00:00,4774.745472975192
2018-08-08 04:00:00,4608.837717198369
2018-08-08 05:00:00,4515.767266239342
2018-08-08 06:00:00,4501.492329058816
2018-08-08 07:00:00,4626.4816893088955
2018-08-08 08:00:00,4808.754619086568
2018-08-08 09:00:00,5050.36327964386
2018-08-08 10:00:00,5342.265347771729
2018-08-08 11:00:00,5630.113971923908
2018-08-08 12:00:00,5948.532551327454
2018-08-08 13:00:00,6227.15554293822
2018-08-08 14:00:00,6458.648542007415
2018-08-08 15:00:00,6658.512168651701
2018-08-08 16:00:00,6782.885395586801
2018-08-08 17:00:00,6867.679012413863
2018-08-08 18:00:00,6941.739098899276
2018-08-08 19:00:00,6967.603676498166
2018-08-08 20:00:00,6862.50226159662
2018-08-08 21:00:00,6670.503771228547
2018-08-08 22:00:00,6468.1653811091555
2018-08-08 23:00:00,6291.831659801723
2018-08-09 00:00:00,5847.629066220847
2018-08-09 01:00:00,5364.71060853787
2018-08-09 02:00:00,5009.437490328181
2018-08-09 03:00:00,4752.0727366763485
2018-08-09 04:00:00,4586.81999418349
2018-08-09 05:00:00,4494.203092371486
2018-08-09 06:00:00,4480.164208202349
2018-08-09 07:00:00,4605.008576010212
2018-08-09 08:00:00,4786.97741055702
2018-08-09 09:00:00,5028.117405852527
2018-08-09 10:00:00,5319.410793284078
2018-08-09 11:00:00,5606.657876283377
2018-08-09 12:00:00,5924.388437879147
2018-08-09 13:00:00,6202.427435996321
2018-08-09 14:00:00,6433.460391634949
2018-08-09 15:00:00,6632.9460533561405
2018-08-09 16:00:00,6757.14216396361
2018-08-09 17:00:00,6841.862404756271
2018-08-09 18:00:00,6915.874864031498
2018-08-09 19:00:00,6941.819011750224
2018-08-09 20:00:00,6837.148424259668
2018-08-09 21:00:00,6645.812826983564
2018-08-09 22:00:00,6444.162283570805
2018-08-09 23:00:00,6268.44307165281
2018-08-10 00:00:00,5825.576987194243
2018-08-10 01:00:00,5344.096970597607
2018-08-10 02:00:00,4989.914082240941
2018-08-10 03:00:00,4733.371879527981
2018-08-10 04:00:00,4568.689752529245
2018-08-10 05:00:00,4476.44429305565
2018-08-10 06:00:00,4462.561652569422
2018-08-10 07:00:00,4587.183922573284
2018-08-10 08:00:00,4768.773624533276
2018-08-10 09:00:00,5009.371965414728
2018-08-10 10:00:00,5299.985630885766
2018-08-10 11:00:00,5586.561647977427
2018-08-10 12:00:00,5903.53640441183
2018-08-10 13:00:00,6180.9248117884235
2018-08-10 14:00:00,6411.43223183979
2018-08-10 15:00:00,6610.47562444672
2018-08-10 16:00:00,6734.431151294199
2018-08-10 17:00:00,6819.015619007265
2018-08-10 18:00:00,6892.919306925281
2018-08-10 19:00:00,6918.882831032464
2018-08-10 20:00:00,6814.583193936539
2018-08-10 21:00:00,6623.851225228612
2018-08-10 22:00:00,6422.830410763062
2018-08-10 23:00:00,6247.668977575583
2018-08-11 00:00:00,5806.0818812417965
2018-08-11 01:00:00,5325.983647825792
2018-08-11 02:00:00,4972.836388611801
2018-08-11 03:00:00,4717.063951831753
2018-08-11 04:00:00,4552.901405362541
2018-08-11 05:00:00,4460.977937948733
2018-08-11 06:00:00,4447.2036968263665
2018-08-11 07:00:00,4571.55805053302
2018-08-11 08:00:00,4752.72420717278
2018-08-11 09:00:00,4992.737880792304
2018-08-11 10:00:00,5282.630124877523
2018-08-11 11:00:00,5568.494273141767
2018-08-11 12:00:00,5884.673551307819
2018-08-11 13:00:00,6161.372291574522
2018-08-11 14:00:00,6391.315624089952
2018-08-11 15:00:00,6589.878814911289
2018-08-11 16:00:00,6713.556106296349
2018-08-11 17:00:00,6797.967674887827
2018-08-11 18:00:00,6871.726184532459
2018-08-11 19:00:00,6897.673106780207
2018-08-11 20:00:00,6793.7082494832
2018-08-11 21:00:00,6603.543852114894
2018-08-11 22:00:00,6403.117366072093
2018-08-11 23:00:00,6228.479217769386
2018-08-12 00:00:00,5788.135360918277
2018-08-12 01:00:00,5309.383566059081
2018-08-12 02:00:00,4957.238195904692
2018-08-12 03:00:00,4702.203158124262
2018-08-12 04:00:00,4538.529142162621
2018-08-12 05:00:00,4446.8977778416
2018-08-12 06:00:00,4433.20323824734
2018-08-12 07:00:00,4557.262596355364
2018-08-12 08:00:00,4737.979137009568
2018-08-12 09:00:00,4977.383083790013
2018-08-12 10:00:00,5266.529779906273
2018-08-12 11:00:00,5551.658457928142
2018-08-12 12:00:00,5867.019422049665
2018-08-12 13:00:00,6143.00590106656
2018-08-12 14:00:00,6372.362728889864
2018-08-12 15:00:00,6570.423579664145
2018-08-12 16:00:00,6693.800445983645
2018-08-12 17:00:00,6778.017125543373
2018-08-12 18:00:00,6851.608866496565
2018-08-12 19:00:00,6877.517712999815
2018-08-12 20:00:00,6773.865665384724
2018-08-12 21:00:00,6584.246684326498
2018-08-12 22:00:00,6384.39273492679
2018-08-12 23:00:00,6210.256698440053
2018-08-13 00:00:00,5771.133377120556
2018-08-13 01:00:00,5293.7054462155775
2018-08-13 02:00:00,4942.540722920695
2018-08-13 03:00:00,4688.222949235752
2018-08-13 04:00:00,4525.018385625956
2018-08-13 05:00:00,4433.6609529774605
2018-08-13 06:00:00,4420.02888552852
2018-08-13 07:00:00,4543.777392134046
2018-08-13 08:00:00,4724.029231215219
2018-08-13 09:00:00,4962.809143308707
2018-08-13 10:00:00,5251.196688337504
2018-08-13 11:00:00,5535.576595775327
2018-08-13 12:00:00,5850.106492776195
2018-08-13 13:00:00,6125.367986718444
2018-08-13 14:00:00,6354.1255552721495
2018-08-13 15:00:00,6551.6713866836035
2018-08-13 16:00:00,6674.734898827357
2018-08-13 17:00:00,6758.743765002079
2018-08-13 18:00:00,6832.156021033308
2018-08-13 19:00:00,6858.014005511496
2018-08-13 20:00:00,6754.661304076665
2018-08-13 21:00:00,6565.573912935172
2018-08-13 22:00:00,6366.278861343598
2018-08-13 23:00:00,6192.631743857318
2018-08-14 00:00:00,5754.714071110837
2018-08-14 01:00:00,5278.595082333314
2018-08-14 02:00:00,4928.397252463683
2018-08-14 03:00:00,4674.783936724293
2018-08-14 04:00:00,4512.036919507533
2018-08-14 05:00:00,4420.942266404359
2018-08-14 06:00:00,4407.362311190469
2018-08-14 07:00:00,4530.790831985736
2018-08-14 08:00:00,4710.569462304298
2018-08-14 09:00:00,4948.717470024135
2018-08-14 10:00:00,5236.3385618875955
2018-08-14 11:00:00,5519.962566264449
2018-08-14 12:00:00,5833.654679892323
2018-08-14 13:00:00,6108.184374857217
2018-08-14 14:00:00,6336.335715426336
2018-08-14 15:00:00,6533.359512298144
2018-08-14 16:00:00,6656.102287018627
2018-08-14 17:00:00,6739.895844865935
2018-08-14 18:00:00,6813.121214613602
2018-08-14 19:00:00,6838.920754274192
2018-08-14 20:00:00,6735.859031625583
2018-08-14 21:00:00,6547.294394191605
2018-08-14 22:00:00,6348.549486603035
2018-08-14 23:00:00,6175.382876688856
2018-08-15 00:00:00,5738.6606512573035
2018-08-15 01:00:00,5263.840270422666
2018-08-15 02:00:00,4914.600068945529
2018-08-15 03:00:00,4661.682796790965
2018-08-15 04:00:00,4499.385717299934
2018-08-15 05:00:00,4408.546896749924
2018-08-15 06:00:00,4395.0128086395935
2018-08-15 07:00:00,4518.116234430358
2018-08-15 08:00:00,4697.417087689054
2018-08-15 09:00:00,4934.929175777473
2018-08-15 10:00:00,5221.780284300571
2018-08-15 11:00:00,5504.64494530462
2018-08-15 12:00:00,5817.496172742151
2018-08-15 13:00:00,6091.290792562205
2018-08-15 14:00:00,6318.8324002269255
2018-08-15 15:00:00,6515.330538515315
2018-08-15 16:00:00,6637.74851344418
2018-08-15 17:00:00,6721.322519458609
2018-08-15 18:00:00,6794.356784473942
2018-08-15 19:00:00,6820.09341309983
2018-08-15 20:00:00,6717.317355125739
2018-08-15 21:00:00,6529.269625706902
2018-08-15 22:00:00,6331.0690359288365
2018-08-15 23:00:00,6158.377387487675
2018-08-16 00:00:00,5722.843218225412
2018-08-16 01:00:00,5249.313862829854
2018-08-16 02:00:00,4901.024715950693
2018-08-16 03:00:00,4648.797705623141
2018-08-16 04:00:00,4486.945530470108
2018-08-16 05:00:00,4396.358114992185
2018-08-16 06:00:00,4382.866113628258
2018-08-16 07:00:00,4505.641745199581
2018-08-16 08:00:00,4684.462610988518
2018-08-16 09:00:00,4921.337071020034
2018-08-16 10:00:00,5207.416923035971
2018-08-16 11:00:00,5489.521009634071
2018-08-16 12:00:00,5801.530409946277
2018-08-16 13:00:00,6074.588795304611
2018-08-16 14:00:00,6301.51923807529
2018-08-16 15:00:00,6497.49012339061
2018-08-16 16:00:00,6619.581224322592
2018-08-16 17:00:00,6702.933381876447
2018-08-16 18:00:00,6775.774229627805
2018-08-16 19:00:00,6801.445347560717
2018-08-16 20:00:00,6698.951469819784
2018-08-16 21:00:00,6511.416595477467
2018-08-16 22:00:00,6313.756252473647
2018-08-16 23:00:00,6141.5357370532165
2018-08-17 00:00:00,5707.183919479488
2018-08-17 01:00:00,5234.9396589871085
2018-08-17 02:00:00,4887.596607678785
2018-08-17 03:00:00,4636.055656301975
2018-08-17 04:00:00,4474.644895926022
2018-08-17 05:00:00,4384.305967894609
2018-08-17 06:00:00,4370.853749375706
2018-08-17 07:00:00,4493.300330062863
2018-08-17 08:00:00,4671.6404088743475
2018-08-17 09:00:00,4907.876912282738
2018-08-17 10:00:00,5193.185584248802
2018-08-17 11:00:00,5474.529186474546
2018-08-17 12:00:00,5785.6971111657695
2018-08-17 13:00:00,6058.019368521737
2018-08-17 14:00:00,6284.338454244637
2018-08-17 15:00:00,6479.781706358091
2018-08-17 16:00:00,6601.545048984472
2018-08-17 17:00:00,6684.674226925867
2018-08-17 18:00:00,6757.320485906504
2018-08-17 19:00:00,6782.924611313656
2018-08-17 20:00:00,6680.710526114569
2018-08-17 21:00:00,6493.685529224722
2018-08-17 22:00:00,6296.562414833917
2018-08-17 23:00:00,6124.8102341871245
2018-08-18 00:00:00,5691.636077554998
2018-08-18 01:00:00,5220.671974682515
2018-08-18 02:00:00,4874.271029894157
2018-08-18 03:00:00,4623.412882310784
2018-08-18 04:00:00,4462.440973155616
2018-08-18 05:00:00,4372.348520036028
2018-08-18 06:00:00,4358.934664934025
2018-08-18 07:00:00,4481.051801155293
2018-08-18 08:00:00,4658.911137163306
2018-08-18 09:00:00,4894.51018000918
2018-08-18 10:00:00,5179.048554508725
2018-08-18 11:00:00,5459.632551448068
2018-08-18 12:00:00,5769.960123690437
2018-08-18 13:00:00,6041.547115509691
2018-08-18 14:00:00,6267.255392865777
2018-08-18 15:00:00,6462.171357250159
2018-08-18 16:00:00,6583.606769016385
2018-08-18 17:00:00,6666.51253362755
2018-08-18 18:00:00,6738.963715202675
2018-08-18 19:00:00,6764.500035601661
2018-08-18 20:00:00,6662.564012996963
2018-08-18 21:00:00,6476.046561514948
2018-08-18 22:00:00,6279.458289794888
2018-08-18 23:00:00,6108.17226411293
2018-08-19 00:00:00,5676.171688328259
2018-08-19 01:00:00,5206.483404478112
2018-08-19 02:00:00,4861.021160911196
2018-08-19 03:00:00,4610.84313162427
2018-08-19 04:00:00,4450.308066072121
2018-08-19 05:00:00,4360.460618177227
2018-08-19 06:00:00,4347.084236951782
2018-08-19 07:00:00,4468.872051122285
2018-08-19 08:00:00,4646.251192433048
2018-08-19 09:00:00,4881.21376283629
2018-08-19 10:00:00,5164.983203040886
2018-08-19 11:00:00,5444.80894417268
2018-08-19 12:00:00,5754.29774688151
2018-08-19 13:00:00,6025.150786300298
2018-08-19 14:00:00,6250.249245918779
2018-08-19 15:00:00,6444.6387011757815
2018-08-19 16:00:00,6565.746434886756
2018-08-19 17:00:00,6648.428769538602
2018-08-19 18:00:00,6720.684793522882
2018-08-19 19:00:00,6746.1528971549715
2018-08-19 20:00:00,6644.4936019833
2018-08-19 21:00:00,6458.481752037458
2018-08-19 22:00:00,6262.426317296367
2018-08-19 23:00:00,6091.604638565236
2018-08-20 00:00:00,5660.773932740191
2018-08-20 01:00:00,5192.35749165305
2018-08-20 02:00:00,4847.830896413856
2018-08-20 03:00:00,4598.330643132055
2018-08-20 04:00:00,4438.230747838339
2018-08-20 05:00:00,4348.62716135041
2018-08-20 06:00:00,4335.287681959359
2018-08-20 07:00:00,4456.746604596327
2018-08-20 08:00:00,4633.646399749304
2018-08-20 09:00:00,4867.973778693105
2018-08-20 10:00:00,5150.975933378282
2018-08-20 11:00:00,5430.045047709938
2018-08-20 12:00:00,5738.696936714079
2018-08-20 13:00:00,6008.8176046553735
2018-08-20 14:00:00,6233.30750009181
2018-08-20 15:00:00,6427.171482711259
2018-08-20 16:00:00,6547.952044989499
2018-08-20 17:00:00,6630.411182222338
2018-08-20 18:00:00,6702.472212508094
2018-08-20 19:00:00,6727.871927436999
2018-08-20 20:00:00,6626.48826181467
2018-08-20 21:00:00,6440.980303521217
2018-08-20 22:00:00,6245.455929389725
2018-08-20 23:00:00,6075.097013652208
2018-08-21 00:00:00,5645.432691474569
2018-08-21 01:00:00,5178.284337651992
2018-08-21 02:00:00,4834.690551671814
2018-08-21 03:00:00,4585.865939662474
2018-08-21 04:00:00,4426.1997427794095
2018-08-21 05:00:00,4336.839069782786
2018-08-21 06:00:00,4323.536110464912
2018-08-21 07:00:00,4444.666755665691
2018-08-21 08:00:00,4621.088231745742
2018-08-21 09:00:00,4854.78187376743
2018-08-21 10:00:00,5137.018560527283
2018-08-21 11:00:00,5415.332842277043
2018-08-21 12:00:00,5723.149834418478
2018-08-21 13:00:00,5992.539870054178
2018-08-21 14:00:00,6216.422610564946
2018-08-21 15:00:00,6409.762309963433
2018-08-21 16:00:00,6530.216358501689
2018-08-21 17:00:00,6612.452679446857
2018-08-21 18:00:00,6684.319025550347
2018-08-21 19:00:00,6709.65032328627
2018-08-21 20:00:00,6608.541332260833
2018-08-21 21:00:00,6423.535697366191
2018-08-21 22:00:00,6228.540746390323
2018-08-21 23:00:00,6058.643145250341
2018-08-22 00:00:00,5630.141858343438
2018-08-22 01:00:00,5164.257972235911
2018-08-22 02:00:00,4821.594287257223
2018-08-22 03:00:00,4573.443308091233
2018-08-22 04:00:00,4414.209459734107
2018-08-22 05:00:00,4325.090870365557
2018-08-22 06:00:00,4311.824163439825
2018-08-22 07:00:00,4432.627254298411
2018-08-22 08:00:00,4608.571543931332
2018-08-22 09:00:00,4841.633005663712
2018-08-22 10:00:00,5123.106140964976
2018-08-22 11:00:00,5400.667481093978
2018-08-22 12:00:00,5707.651687208464
2018-08-22 13:00:00,5976.312922354356
2018-08-22 14:00:00,6199.590008675617
2018-08-22 15:00:00,6392.406704330994
2018-08-22 16:00:00,6512.534986351311
2018-08-22 17:00:00,6594.548960488598
2018-08-22 18:00:00,6666.221018579831
2018-08-22 19:00:00,6691.483956352836
2018-08-22 20:00:00,6590.648771389333
2018-08-22 21:00:00,6406.143977945811
2018-08-22 22:00:00,6211.67689743087
2018-08-22 23:00:00,6042.239245042746
2018-08-23 00:00:00,5614.897731060616
2018-08-23 01:00:00,5150.274778256892
2018-08-23 02:00:00,4808.538567102395
2018-08-23 03:00:00,4561.059289978725
2018-08-23 04:00:00,4402.2565145834105
2018-08-23 05:00:00,4313.37925039988
2018-08-23 06:00:00,4300.14859662249
2018-08-23 07:00:00,4420.624920558195
2018-08-23 08:00:00,4596.093218186364
2018-08-23 09:00:00,4828.524115560498
2018-08-23 10:00:00,5109.235672852478
2018-08-23 11:00:00,5386.04601805989
2018-08-23 12:00:00,5692.1996028403855
2018-08-23 13:00:00,5960.133922665895
2018-08-23 14:00:00,6182.806908551366
2018-08-23 15:00:00,6375.101932351789
2018-08-23 16:00:00,6494.905247746361
2018-08-23 17:00:00,6576.697396821738
2018-08-23 18:00:00,6648.175614404121
2018-08-23 19:00:00,6673.370300587625
2018-08-23 20:00:00,6572.80810571586
2018-08-23 21:00:00,6388.802724939557
2018-08-23 22:00:00,6194.862014507532
2018-08-23 23:00:00,6025.882995820016
2018-08-24 00:00:00,5599.698047348255
2018-08-24 01:00:00,5136.332548130797
2018-08-24 02:00:00,4795.521234908236
2018-08-24 03:00:00,4548.711777493002
2018-08-24 04:00:00,4390.338845275665
2018-08-24 05:00:00,4301.702191320623
2018-08-24 06:00:00,4288.507432545544
2018-08-24 07:00:00,4408.657814548404
2018-08-24 08:00:00,4583.651350244589
2018-08-24 09:00:00,4815.453332860181
2018-08-24 10:00:00,5095.405317489533
2018-08-24 11:00:00,5371.466645657469
2018-08-24 12:00:00,5676.791803619773
2018-08-24 13:00:00,5944.001123119709
2018-08-24 14:00:00,6166.0715923073885
2018-08-24 15:00:00,6357.846306003327
2018-08-24 16:00:00,6477.325485259223
2018-08-24 17:00:00,6558.896361674075
2018-08-24 18:00:00,6630.181216429793
2018-08-24 19:00:00,6655.307789830507
2018-08-24 20:00:00,6555.017801365797
2018-08-24 21:00:00,6371.510437781209
2018-08-24 22:00:00,6178.094629934153
2018-08-24 23:00:00,6009.572961665601
2018-08-25 00:00:00,5584.54140758442
2018-08-25 01:00:00,5122.429918683731
2018-08-25 02:00:00,4782.5409609318385
2018-08-25 03:00:00,4536.399471886175
2018-08-25 04:00:00,4378.455181744825
2018-08-25 05:00:00,4290.058449814663
2018-08-25 06:00:00,4276.899452617581
2018-08-25 07:00:00,4396.724739225502
2018-08-25 08:00:00,4571.244763011662
2018-08-25 09:00:00,4802.41949879045
2018-08-25 10:00:00,5081.613932981704
2018-08-25 11:00:00,5356.9282384732
2018-08-25 12:00:00,5661.427179566472
2018-08-25 13:00:00,5927.913429473862
2018-08-25 14:00:00,6149.382981894382
2018-08-25 15:00:00,6340.638763596986
2018-08-25 16:00:00,6459.7946545761015
2018-08-25 17:00:00,6541.144828444593
2018-08-25 18:00:00,6612.2368155649765
2018-08-25 19:00:00,6637.295433018552
2018-08-25 20:00:00,6537.276887412711
2018-08-25 21:00:00,6354.266166955791
2018-08-25 22:00:00,6161.373815429513
2018-08-25 23:00:00,5993.308234668774
2018-08-26 00:00:00,5569.426928980676
2018-08-26 01:00:00,5108.566032636554
2018-08-26 02:00:00,4769.596910623504
2018-08-26 03:00:00,4524.121559132812
2018-08-26 04:00:00,4366.604728402265
2018-08-26 05:00:00,4278.4472470213195
2018-08-26 06:00:00,4265.323892890437
2018-08-26 07:00:00,4384.824942594434
2018-08-26 08:00:00,4558.872715052774
2018-08-26 09:00:00,4789.42188105123
2018-08-26 10:00:00,5067.860794916466
2018-08-26 11:00:00,5342.430079775222
2018-08-26 12:00:00,5646.105020769547
2018-08-26 13:00:00,5911.870139123481
2018-08-26 14:00:00,6132.740382643974
2018-08-26 15:00:00,6323.478618742006
2018-08-26 16:00:00,6442.312078765105
2018-08-26 17:00:00,6523.442130163567
2018-08-26 18:00:00,6594.341754761778
2018-08-26 19:00:00,6619.332583703397
2018-08-26 20:00:00,6519.58473026557
2018-08-26 21:00:00,6337.069293153763
2018-08-26 22:00:00,6144.698965937767
2018-08-26 23:00:00,5977.08822331273
2018-08-27 00:00:00,5554.354038441371
2018-08-27 01:00:00,5094.740335840869
2018-08-27 02:00:00,4756.688546146953
2018-08-27 03:00:00,4511.877515643834
2018-08-27 04:00:00,4354.786973955756
2018-08-27 05:00:00,4266.868082369643
2018-08-27 06:00:00,4253.780261829889
2018-08-27 07:00:00,4372.9579393296
2018-08-27 08:00:00,4546.534725982548
2018-08-27 09:00:00,4776.460002893854
2018-08-27 10:00:00,5054.145429053697
2018-08-27 11:00:00,5327.971697738835
2018-08-27 12:00:00,5630.824857073124
2018-08-27 13:00:00,5895.870784173795
2018-08-27 14:00:00,6116.143329657417
2018-08-27 15:00:00,6306.365409979785
2018-08-27 16:00:00,6424.877301087569
2018-08-27 17:00:00,6505.787815413795
2018-08-27 18:00:00,6576.495587981721
2018-08-27 19:00:00,6601.418801996576
2018-08-27 20:00:00,6501.940898531014
2018-08-27 21:00:00,6319.919394988617
2018-08-27 22:00:00,6128.0696701410325
2018-08-27 23:00:00,5960.912525723103
2018-08-28 00:00:00,5539.322348490317
2018-08-28 01:00:00,5080.952455827295
2018-08-28 02:00:00,4743.815507493778
2018-08-28 03:00:00,4499.666991892918
2018-08-28 04:00:00,4343.001577494722
2018-08-28 05:00:00,4255.320622070578
2018-08-28 06:00:00,4242.268231163852
2018-08-28 07:00:00,4361.123403929282
2018-08-28 08:00:00,4534.230471876961
2018-08-28 09:00:00,4763.533540742769
2018-08-28 10:00:00,5040.467511110474
2018-08-28 11:00:00,5313.552767348681
2018-08-28 12:00:00,5615.5863620512055
2018-08-28 13:00:00,5879.9150374438195
2018-08-28 14:00:00,6099.591495795261
2018-08-28 15:00:00,6289.29881071758
2018-08-28 16:00:00,6407.489996834728
2018-08-28 17:00:00,6488.181562030039
2018-08-28 18:00:00,6558.697995718583
2018-08-28 19:00:00,6583.553771877247
2018-08-28 20:00:00,6484.345082068281
2018-08-28 21:00:00,6302.816169762087
2018-08-28 22:00:00,6111.4856328987635
2018-08-28 23:00:00,5944.780853746121
2018-08-29 00:00:00,5524.331582953144
2018-08-29 01:00:00,5067.202129058122
2018-08-29 02:00:00,4730.97754127321
2018-08-29 03:00:00,4487.48974271088
2018-08-29 04:00:00,4331.248300257438
2018-08-29 05:00:00,4243.80463232584
2018-08-29 06:00:00,4230.787570502466
2018-08-29 07:00:00,4349.3211067171205
2018-08-29 08:00:00,4521.959722627001
2018-08-29 09:00:00,4750.642262872803
2018-08-29 10:00:00,5026.826806733972
2018-08-29 11:00:00,5299.173051639894
2018-08-29 12:00:00,5600.38929549027
2018-08-29 13:00:00,5864.002656164173
2018-08-29 14:00:00,6083.084636564726
2018-08-29 15:00:00,6272.278575280309
2018-08-29 16:00:00,6390.14992051935
2018-08-29 17:00:00,6470.623125406409
2018-08-29 18:00:00,6540.948734397978
2018-08-29 19:00:00,6565.737251660879
2018-08-29 20:00:00,6466.797043504429
2018-08-29 21:00:00,6285.759386003812
2018-08-29 22:00:00,6094.946628790199
2018-08-29 23:00:00,5928.692987472661
2018-08-30 00:00:00,5509.381532442245
2018-08-30 01:00:00,5053.489157352867
2018-08-30 02:00:00,4718.174458058382
2018-08-30 03:00:00,4475.345585533187
2018-08-30 04:00:00,4319.526964760743
2018-08-30 05:00:00,4232.319939321182
2018-08-30 06:00:00,4219.338108176656
2018-08-30 07:00:00,4337.5508755080655
2018-08-30 08:00:00,4509.722304414539
2018-08-30 09:00:00,4737.785992677832
2018-08-30 10:00:00,5013.2231355461645
2018-08-30 11:00:00,5284.832366502447
2018-08-30 12:00:00,5585.2334689372165
2018-08-30 13:00:00,5848.133448252902
2018-08-30 14:00:00,6066.622557108035
2018-08-30 15:00:00,6255.304506596338
2018-08-30 16:00:00,6372.856874244249
2018-08-30 17:00:00,6453.112307533184
2018-08-30 18:00:00,6523.247606068349
2018-08-30 19:00:00,6547.969044330624
2018-08-30 20:00:00,6449.296589192566
2018-08-30 21:00:00,6268.748855043198
2018-08-30 22:00:00,6078.452474286899
2018-08-30 23:00:00,5912.648747998756
2018-08-31 00:00:00,5494.472027692878
2018-08-31 01:00:00,5039.8133817878
2018-08-31 02:00:00,4705.406106837375
2018-08-31 03:00:00,4463.234375390846
2018-08-31 04:00:00,4307.837430319348
2018-08-31 05:00:00,4220.866405262945
2018-08-31 06:00:00,4207.91970778099
2018-08-31 07:00:00,4325.812572646846
2018-08-31 08:00:00,4497.5180772359145
2018-08-31 09:00:00,4724.964586669214
2018-08-31 10:00:00,4999.656349607078
2018-08-31 11:00:00,5270.530559599398
2018-08-31 12:00:00,5570.118725062969
2018-08-31 13:00:00,5832.30725211506
2018-08-31 14:00:00,6050.205092428753
2018-08-31 15:00:00,6238.376436841568
2018-08-31 16:00:00,6355.610688755308
2018-08-31 17:00:00,6435.648938450138
2018-08-31 18:00:00,6505.594440246145
2018-08-31 19:00:00,6530.248979766055
2018-08-31 20:00:00,6431.843551816077
2018-08-31 21:00:00,6251.7844139812005
2018-08-31 22:00:00,6062.003011084318
2018-08-31 23:00:00,5896.647981109358
2018-09-01 00:00:00,5479.602923591712
2018-09-01 01:00:00,5026.1746670620005
2018-09-01 02:00:00,4692.672359709627
2018-09-01 03:00:00,4451.155989930188
2018-09-01 04:00:00,4296.179578382143
2018-09-01 05:00:00,4209.443914024197
2018-09-01 06:00:00,4196.532254123093
2018-09-01 07:00:00,4314.106081254216
2018-09-01 08:00:00,4485.346921438739
2018-09-01 09:00:00,4712.177921297021
2018-09-01 10:00:00,4986.126320514415
2018-09-01 11:00:00,5256.267497739027
2018-09-01 12:00:00,5555.044925301382
2018-09-01 13:00:00,5816.523924542726
2018-09-01 14:00:00,6033.832095547418
2018-09-01 15:00:00,6221.494215845278
2018-09-01 16:00:00,6338.411212092256
2018-09-01 17:00:00,6418.232865137076
2018-09-01 18:00:00,6487.989083041054
2018-09-01 19:00:00,6512.576904098159
2018-09-01 20:00:00,6414.437779968525
2018-09-01 21:00:00,6234.865915490401
2018-09-01 22:00:00,6045.598096117406
2018-09-01 23:00:00,5880.690547504902
2018-09-02 00:00:00,5464.77408960994
